hydrogen,0.069679
battery1,19.8455
battery4,11.67382
phs,0.533353
