,onshore,pv_g,pv_c,river,lake,biogas2,ccgt,nuc,phs,battery4,ll
0,0.0,0.0,0.0,0.0,137.71967732999528,269.9300065947599,153.86010375902197,1784.2104675186092,37.49682587717403,0.0,0.05024693616183438
