,total cost bEuro,variable cost bEuro,lost load cost bEuro,fixed cost bEuro
0,29.785536570432694,4.379818160433935,0.05582992906870486,25.349888480946703
