,total cost bEuro,variable cost bEuro,lost load cost bEuro,fixed cost bEuro
0,29.787173852635622,4.381455442636788,0.05582992906870486,25.349888480946703
