,total cost bEuro,variable cost bEuro,lost load cost bEuro,fixed cost bEuro
0,29.785419868243554,4.38017639253995,0.055354994773219486,25.349888480946703
