,total cost bEuro,variable cost bEuro,lost load cost bEuro,fixed cost bEuro
0,29.787477414608833,4.381759004610145,0.05582992906870486,25.349888480946703
