,total cost bEuro,variable cost bEuro,lost load cost bEuro,fixed cost bEuro
0,29.786144424521517,4.380426014522676,0.05582992906870486,25.349888480946703
