,total cost bEuro,variable cost bEuro,fixed cost bEuro,ll cost
0,29.788811869578126,4.4389233902243115,25.34988847935403,0.05582992919785087
