,total cost bEuro,variable cost bEuro,lost load cost bEuro,fixed cost bEuro
0,29.788380444811498,4.382662034813099,0.05582992906870486,25.349888480946703
