,total cost bEuro,variable cost bEuro,lost load cost bEuro,fixed cost bEuro
0,29.788811870016584,4.383093460017957,0.05582992906870486,25.349888480946703
