,total cost bEuro,variable cost bEuro,lost load cost bEuro,fixed cost bEuro
0,29.786982903138963,4.381570991392669,0.05552343081654643,25.349888480946703
