,total cost bEuro,variable cost bEuro,lost load cost bEuro,fixed cost bEuro
0,29.78675898056104,4.3815769425037665,0.0552935571274276,25.349888480946703
