,total cost bEuro,variable cost bEuro,lost load cost bEuro,fixed cost bEuro
0,29.78755648773122,4.381838077732797,0.05582992906870486,25.349888480946703
