,total cost bEuro,variable cost bEuro,lost load cost bEuro,fixed cost bEuro
0,29.787222667455314,4.381504257456632,0.05582992906870486,25.349888480946703
