,total cost bEuro,variable cost bEuro,lost load cost bEuro,fixed cost bEuro
0,29.787800541276496,4.382082131277827,0.05582992906870486,25.349888480946703
