,total cost bEuro,variable cost bEuro,lost load cost bEuro,fixed cost bEuro
0,29.784708739252657,4.38006307313637,0.054757185186150296,25.349888480946703
