,total cost bEuro,variable cost bEuro,lost load cost bEuro,fixed cost bEuro
0,29.788184048913607,4.382465638915041,0.05582992906870486,25.349888480946703
