,total cost bEuro,variable cost bEuro,lost load cost bEuro,fixed cost bEuro
0,29.785634300756392,4.379915890757593,0.05582992906870486,25.349888480946703
