,total cost bEuro,variable cost bEuro,lost load cost bEuro,fixed cost bEuro
0,29.787106158078547,4.381632808686326,0.055584868462338316,25.349888480946703
