,total cost bEuro,variable cost bEuro,lost load cost bEuro,fixed cost bEuro
0,29.786790800972295,4.381072390973717,0.05582992906870486,25.349888480946703
