,total cost bEuro,variable cost bEuro,lost load cost bEuro,fixed cost bEuro
0,29.785156864230014,4.380051450735458,0.05521693256438797,25.349888480946703
