,total cost bEuro,variable cost bEuro,lost load cost bEuro,fixed cost bEuro
0,29.787950184381177,4.38223177438256,0.05582992906870486,25.349888480946703
